<?xml version="1.0" encoding="UTF-8"?>
<beans xmlns="http://www.springframework.org/schema/beans"
	xmlns:xsi="http://www.w3.org/2001/XMLSchema-instance"
	xmlns:context="http://www.springframework.org/schema/context"
	xsi:schemaLocation="http://www.springframework.org/schema/beans http://www.springframework.org/schema/beans/spring-beans-4.3.xsd
		http://www.springframework.org/schema/context http://www.springframework.org/schema/context/spring-context-4.3.xsd">

<bean id="emp" class="com.cg.ioc.Employee">
<property name="employeeId" value="101"> </property>
<property name="employeeName" value="Ujjwala"> </property>
<property name="employeeSalary" value="28000"> </property>
<property name="employeeAge" value="24"> </property>
</bean>
</beans>
