<?xml version="1.0" encoding="UTF-8"?>
<beans xmlns="http://www.springframework.org/schema/beans"
	xmlns:xsi="http://www.w3.org/2001/XMLSchema-instance"
	xsi:schemaLocation="http://www.springframework.org/schema/beans http://www.springframework.org/schema/beans/spring-beans.xsd">

<bean id="emp1" class="com.cg.ioc.Employee">

		<property name="empId" value="1001">
		</property>
		<property name="empName" value="Ujjwala">
		</property>
		<property name="empSalary" value="30000">
		</property>
	</bean>
	<bean id="emp2" class="com.cg.ioc.Employee">

		<property name="empId" value="1002">
		</property>
		<property name="empName" value="Swapnali">
		</property>
		<property name="empSalary" value="30000">
		</property>
		

	</bean>
<bean id="sbu" class="com.cg.ioc.Sbu">
	<property name="sbuId" value="1771">
		</property>
		<property name="sbuName" value="ABC">
		</property>
		<property name="sbuHead" value="PQR">
		</property>
		<property name="empList">
		<list>
		<ref bean="emp1"></ref>
		<ref bean="emp2"></ref>
		</list>
		</property>

</bean>
	
</beans>
