<?xml version="1.0" encoding="UTF-8"?>
<beans xmlns="http://www.springframework.org/schema/beans"
	xmlns:xsi="http://www.w3.org/2001/XMLSchema-instance"
	xsi:schemaLocation="http://www.springframework.org/schema/beans http://www.springframework.org/schema/beans/spring-beans.xsd">

	<bean id="sbu" class="com.cg.ioc.Sbu">

		<constructor-arg value="202" type="int" name="sbuId"></constructor-arg>
		<constructor-arg value="ABC" type="String"
			name="sbuName"></constructor-arg>
		<constructor-arg value="PQR" type="String"
			name="sbuHead"></constructor-arg>

	</bean>
	<bean id="emp" class="com.cg.ioc.Employee">

		<property name="empId" value="1001">
		</property>
		<property name="empName" value="Ujjwala">
		</property>
		<property name="empSalary" value="30000">
		</property>
		<property name="empBusinessUnit" ref="sbu">
		</property>
		<property name="empAge" value="23">
		</property>

	</bean>


</beans>
