<?xml version="1.0" encoding="UTF-8"?>
<beans xmlns="http://www.springframework.org/schema/beans"
	xmlns:xsi="http://www.w3.org/2001/XMLSchema-instance"
	xsi:schemaLocation="http://www.springframework.org/schema/beans http://www.springframework.org/schema/beans/spring-beans.xsd">

<bean id="emp" class="com.cg.ioc.Employee">
 
<property name="empId" value="1001"> </property>
<property name="empName" value="Ujjwala"> </property>
<property name="empSalary" value="30000"> </property>
<property name="empBusinessUnit" value="PES-BU"> </property>
<property name="empAge" value="23"> </property>

</bean>
</beans>
